[
  {
    "value": "so",
    "synonyms": [
      "so"
    ]
  },
  {
    "value": "very",
    "synonyms": [
      "very"
    ]
  },
  {
    "value": "quite",
    "synonyms": [
      "quite"
    ]
  },
  {
    "value": "really",
    "synonyms": [
      "really"
    ]
  },
  {
    "value": "truly",
    "synonyms": [
      "truly"
    ]
  },
  {
    "value": "sooooo",
    "synonyms": [
      "sooooo"
    ]
  },
  {
    "value": "soo",
    "synonyms": [
      "soo"
    ]
  },
  {
    "value": "super",
    "synonyms": [
      "super"
    ]
  }
]