[
  {
    "id": "518a909a-c0a7-4460-82c9-b1c81888cd27",
    "data": [
      {
        "text": "Who do you belong to?",
        "userDefined": false
      }
    ],
    "isTemplate": false,
    "count": 0,
    "updated": 1548537803
  },
  {
    "id": "66725ed8-bc82-4780-a334-52dd3dfa8ca7",
    "data": [
      {
        "text": "Who were you created by?",
        "userDefined": false
      }
    ],
    "isTemplate": false,
    "count": 0,
    "updated": 1548537803
  },
  {
    "id": "1634164a-e651-43ed-b03e-dc866fb7deda",
    "data": [
      {
        "text": "Who is your creator?",
        "userDefined": false
      }
    ],
    "isTemplate": false,
    "count": 0,
    "updated": 1548537803
  },
  {
    "id": "8a491c93-7a1b-4f63-acf2-5830a1baf0d6",
    "data": [
      {
        "text": "Who is your boss?",
        "userDefined": false
      }
    ],
    "isTemplate": false,
    "count": 0,
    "updated": 1548537803
  }
]