[
  {
    "id": "52e5e94b-1cd2-46ca-bd26-0cf4280948f8",
    "data": [
      {
        "text": "Tell me something about animals",
        "userDefined": false
      }
    ],
    "isTemplate": false,
    "count": 0,
    "updated": 0
  },
  {
    "id": "b858d8ac-1c57-4bbd-a7bf-8b51d8827422",
    "data": [
      {
        "text": "Do you anything about animals?",
        "userDefined": false
      }
    ],
    "isTemplate": false,
    "count": 0,
    "updated": 0
  },
  {
    "id": "21583c26-6373-468a-a283-060f264730a4",
    "data": [
      {
        "text": "Do you know anything about animals?",
        "userDefined": false
      }
    ],
    "isTemplate": false,
    "count": 1,
    "updated": 1548632515
  },
  {
    "id": "bbb466b4-1ff1-4924-bac2-e73eb692209a",
    "data": [
      {
        "text": "Hey ",
        "userDefined": false
      },
      {
        "text": "Charlie",
        "meta": "@sys.ignore",
        "userDefined": false
      },
      {
        "text": " what do you know about animals?",
        "userDefined": false
      }
    ],
    "isTemplate": false,
    "count": 1,
    "updated": 0
  },
  {
    "id": "31af1747-7b13-4e98-8669-c173018259aa",
    "data": [
      {
        "text": "What do you know about animals?",
        "userDefined": false
      }
    ],
    "isTemplate": false,
    "count": 2,
    "updated": 1548632515
  },
  {
    "id": "cc457515-1ef1-4dd8-8272-550516451a59",
    "data": [
      {
        "text": "What\u0027s your animals knowledge?",
        "userDefined": false
      }
    ],
    "isTemplate": false,
    "count": 0,
    "updated": 1548633039
  },
  {
    "id": "d7df1bb7-7476-4e57-b4fe-db23bb237d08",
    "data": [
      {
        "text": "Animal knowledge",
        "userDefined": false
      }
    ],
    "isTemplate": false,
    "count": 0,
    "updated": 1548633039
  },
  {
    "id": "8aa35cd1-3a52-426b-b25b-01d12806daa5",
    "data": [
      {
        "text": "Do you know something about animals?",
        "userDefined": false
      }
    ],
    "isTemplate": false,
    "count": 0,
    "updated": 1548633039
  },
  {
    "id": "4fdbb08d-4ff7-4a08-b9e8-382eb1d858d3",
    "data": [
      {
        "text": "Do you know a lot about animals?",
        "userDefined": false
      }
    ],
    "isTemplate": false,
    "count": 0,
    "updated": 1548633039
  },
  {
    "id": "19e9398d-a17b-441a-92db-c32408269417",
    "data": [
      {
        "text": "Do you have any knowledge of animals?",
        "userDefined": false
      }
    ],
    "isTemplate": false,
    "count": 0,
    "updated": 1548633039
  },
  {
    "id": "00c3d4d7-83b8-40bd-bea9-7d913d0bc765",
    "data": [
      {
        "text": "Do you have much knowledge of animals?",
        "userDefined": false
      }
    ],
    "isTemplate": false,
    "count": 0,
    "updated": 1548632515
  },
  {
    "id": "5660129e-82b1-4751-9981-c7b57684e651",
    "data": [
      {
        "text": "Do you have knowledge of animals?",
        "userDefined": false
      }
    ],
    "isTemplate": false,
    "count": 0,
    "updated": 1548632515
  }
]