[
  {
    "id": "b18fb6a9-09a2-4d5a-8582-667ebdad2304",
    "data": [
      {
        "text": "Are you ",
        "userDefined": false
      },
      {
        "text": "very",
        "alias": "degreeAdverb",
        "meta": "@degreeAdverb",
        "userDefined": false
      },
      {
        "text": " young?",
        "userDefined": false
      }
    ],
    "isTemplate": false,
    "count": 0,
    "updated": 1548694156
  },
  {
    "id": "29791d91-cab2-4ec1-84ab-53953caaf7fc",
    "data": [
      {
        "text": "Are you ",
        "userDefined": false
      },
      {
        "text": "very",
        "alias": "degreeAdverb",
        "meta": "@degreeAdverb",
        "userDefined": false
      },
      {
        "text": " old?",
        "userDefined": false
      }
    ],
    "isTemplate": false,
    "count": 0,
    "updated": 1548694156
  },
  {
    "id": "6369cbb9-aa81-4b05-91e2-04bc3d342814",
    "data": [
      {
        "text": "How old are you ",
        "userDefined": false
      },
      {
        "text": "Charlie",
        "alias": "selfName",
        "meta": "@selfName",
        "userDefined": false
      },
      {
        "text": "?",
        "userDefined": false
      }
    ],
    "isTemplate": false,
    "count": 0,
    "updated": 1548694156
  },
  {
    "id": "41b7c549-d58d-43cf-b5cc-643b4a5ba993",
    "data": [
      {
        "text": "Are you old?",
        "userDefined": false
      }
    ],
    "isTemplate": false,
    "count": 0,
    "updated": 1548521579
  },
  {
    "id": "cfdfc2c9-2d24-4bff-90ac-0da89fb4adfc",
    "data": [
      {
        "text": "Are you young?",
        "userDefined": false
      }
    ],
    "isTemplate": false,
    "count": 0,
    "updated": 1548521579
  },
  {
    "id": "a722cf18-09a4-4e26-a3e0-cbf59d99a775",
    "data": [
      {
        "text": "How young are you?",
        "userDefined": false
      }
    ],
    "isTemplate": false,
    "count": 0,
    "updated": 1548521579
  },
  {
    "id": "11b527ae-451c-4e7b-a83a-4a4abbf07d3f",
    "data": [
      {
        "text": "How old are you?",
        "userDefined": false
      }
    ],
    "isTemplate": false,
    "count": 0,
    "updated": 1548521579
  }
]