[
  {
    "id": "98511aad-3f39-4976-86e1-5b6c5ee07015",
    "data": [
      {
        "text": "Are you going to respond?",
        "userDefined": false
      }
    ],
    "isTemplate": false,
    "count": 1,
    "updated": 0
  },
  {
    "id": "963b01e8-7748-4cd1-8627-8078ed4cc4f1",
    "data": [
      {
        "text": "Are you still working?",
        "userDefined": false
      }
    ],
    "isTemplate": false,
    "count": 0,
    "updated": 0
  },
  {
    "id": "4b5be152-8c53-4f31-9561-d835c093e3bc",
    "data": [
      {
        "text": "Is everything alright?",
        "userDefined": false
      }
    ],
    "isTemplate": false,
    "count": 0,
    "updated": 1548360323
  },
  {
    "id": "d91fc49d-5513-48b3-b985-6b0a0ddfc552",
    "data": [
      {
        "text": "Is everything okay?",
        "userDefined": false
      }
    ],
    "isTemplate": false,
    "count": 0,
    "updated": 1548360323
  },
  {
    "id": "865aa52b-ac2a-4a4e-a3eb-43e5854cf595",
    "data": [
      {
        "text": "Are you okay?",
        "userDefined": false
      }
    ],
    "isTemplate": false,
    "count": 0,
    "updated": 1548360323
  },
  {
    "id": "a567d34d-66cd-4b01-aa9e-aeefaf520e1d",
    "data": [
      {
        "text": "You took so long to respond!",
        "userDefined": false
      }
    ],
    "isTemplate": false,
    "count": 0,
    "updated": 0
  },
  {
    "id": "2c23ca17-d857-4d74-aa2b-a932e8e0f8c7",
    "data": [
      {
        "text": "Are you running?",
        "userDefined": false
      }
    ],
    "isTemplate": false,
    "count": 0,
    "updated": 0
  },
  {
    "id": "e507f71f-78ff-42b9-950d-26def360cdbb",
    "data": [
      {
        "text": "Okay are you responding faster now?",
        "userDefined": false
      }
    ],
    "isTemplate": false,
    "count": 0,
    "updated": 0
  }
]