[
  {
    "id": "c02848b8-04b7-44a2-813d-2dd534617933",
    "data": [
      {
        "text": "It\u0027s ",
        "userDefined": false
      },
      {
        "text": "good",
        "meta": "@sys.ignore",
        "userDefined": true
      },
      {
        "text": " to finally meet you",
        "userDefined": false
      }
    ],
    "isTemplate": false,
    "count": 0,
    "updated": 1548519130
  },
  {
    "id": "6d7eab3a-0cc0-472a-9680-c47d0f64fb76",
    "data": [
      {
        "text": "It\u0027s ",
        "userDefined": false
      },
      {
        "text": "good",
        "meta": "@sys.ignore",
        "userDefined": true
      },
      {
        "text": " to meet you",
        "userDefined": false
      }
    ],
    "isTemplate": false,
    "count": 0,
    "updated": 1548519130
  },
  {
    "id": "72904f40-0e52-4233-bc3d-a67643efe4db",
    "data": [
      {
        "text": "I\u0027m glad to meet you",
        "userDefined": false
      }
    ],
    "isTemplate": false,
    "count": 0,
    "updated": 1548519130
  },
  {
    "id": "a5c5962f-9fbe-449d-8630-71d29a4fa839",
    "data": [
      {
        "text": "I\u0027m happy to meet you",
        "userDefined": false
      }
    ],
    "isTemplate": false,
    "count": 0,
    "updated": 1548519130
  },
  {
    "id": "a52fe6d3-e91b-45ae-b2c9-18aa3d518368",
    "data": [
      {
        "text": "Nice",
        "meta": "@sys.ignore",
        "userDefined": true
      },
      {
        "text": " to meet you!",
        "userDefined": false
      }
    ],
    "isTemplate": false,
    "count": 0,
    "updated": 1548519130
  }
]