[
  {
    "id": "69f60e0b-592a-477e-bd97-0e926c9a4b30",
    "data": [
      {
        "text": "I’ve known French for ",
        "userDefined": false
      },
      {
        "text": "4 years",
        "alias": "duration",
        "meta": "@sys.duration",
        "userDefined": false
      }
    ],
    "isTemplate": false,
    "count": 1,
    "updated": 0
  },
  {
    "id": "32bad244-fbd6-4f9e-9a4f-790075972350",
    "data": [
      {
        "text": "for ",
        "userDefined": false
      },
      {
        "text": "5 years",
        "alias": "duration",
        "meta": "@sys.duration",
        "userDefined": false
      }
    ],
    "isTemplate": false,
    "count": 0,
    "updated": 1548361149
  },
  {
    "id": "d5a08008-9bd0-4d5c-b62f-2adc3c0c09cd",
    "data": [
      {
        "text": "about ",
        "userDefined": false
      },
      {
        "text": "4 days",
        "alias": "duration",
        "meta": "@sys.duration",
        "userDefined": false
      }
    ],
    "isTemplate": false,
    "count": 0,
    "updated": 1548361149
  },
  {
    "id": "639ca4b2-f004-48a0-93a4-88a3d32d9d80",
    "data": [
      {
        "text": "3 years",
        "alias": "duration",
        "meta": "@sys.duration",
        "userDefined": false
      }
    ],
    "isTemplate": false,
    "count": 0,
    "updated": 1548361149
  }
]