[
  {
    "id": "1b9ba67d-9233-43ca-9891-452911e66a9c",
    "data": [
      {
        "text": "What\u0027s your name?",
        "userDefined": false
      }
    ],
    "isTemplate": false,
    "count": 2,
    "updated": 1548351694
  },
  {
    "id": "a08e632a-4e22-41be-b80e-369a0a4716b5",
    "data": [
      {
        "text": "what should I call you?",
        "userDefined": false
      }
    ],
    "isTemplate": false,
    "count": 3,
    "updated": 1548351922
  },
  {
    "id": "5691875e-7e8b-4b3e-b340-da92414abab0",
    "data": [
      {
        "text": "How should I refer to you?",
        "userDefined": false
      }
    ],
    "isTemplate": false,
    "count": 0,
    "updated": 1548351922
  },
  {
    "id": "f2bcf94f-14e6-4c61-ab4c-347d4762ad8d",
    "data": [
      {
        "text": "Do you have a name?",
        "userDefined": false
      }
    ],
    "isTemplate": false,
    "count": 1,
    "updated": 1548351694
  },
  {
    "id": "fe2b155f-5449-4968-9fa6-b6849f88e6b4",
    "data": [
      {
        "text": "What are you called?",
        "userDefined": false
      }
    ],
    "isTemplate": false,
    "count": 0,
    "updated": 1548351694
  },
  {
    "id": "63ee996c-7a00-49da-a90e-08220bac2d4b",
    "data": [
      {
        "text": "name",
        "userDefined": false
      }
    ],
    "isTemplate": false,
    "count": 0,
    "updated": 1548351694
  },
  {
    "id": "86fe0f64-98ff-4d2a-aa69-932e25aa2dd5",
    "data": [
      {
        "text": "What is your name?",
        "userDefined": false
      }
    ],
    "isTemplate": false,
    "count": 0,
    "updated": 1548351694
  }
]