[
  {
    "id": "8003b178-cf08-4f19-92c7-5e7bf1cfc5f2",
    "data": [
      {
        "text": "LOLOL",
        "userDefined": false
      }
    ],
    "isTemplate": false,
    "count": 0,
    "updated": 1548634640
  },
  {
    "id": "428ce36b-ff4c-4625-a7e7-adb4e29fb5d3",
    "data": [
      {
        "text": "Oh man lol",
        "userDefined": false
      }
    ],
    "isTemplate": false,
    "count": 0,
    "updated": 1548634640
  },
  {
    "id": "ac55abb2-8049-4304-9732-2de0a619f8f2",
    "data": [
      {
        "text": "Hahahahaha",
        "userDefined": false
      }
    ],
    "isTemplate": false,
    "count": 0,
    "updated": 1548634640
  },
  {
    "id": "659f8445-8814-4517-bf4a-c3da64814928",
    "data": [
      {
        "text": "Lmao",
        "userDefined": false
      }
    ],
    "isTemplate": false,
    "count": 0,
    "updated": 1548634640
  },
  {
    "id": "38bc0a2e-1cb2-43f7-ae17-42c090c49104",
    "data": [
      {
        "text": "Lol",
        "userDefined": false
      }
    ],
    "isTemplate": false,
    "count": 0,
    "updated": 1548634640
  },
  {
    "id": "dd49c29b-3bdd-424d-96a4-f21cbf8291da",
    "data": [
      {
        "text": "Hahaha",
        "userDefined": false
      }
    ],
    "isTemplate": false,
    "count": 0,
    "updated": 1548634640
  },
  {
    "id": "1895a3ce-4390-44c7-903a-1155d08637bf",
    "data": [
      {
        "text": "Haha",
        "userDefined": false
      }
    ],
    "isTemplate": false,
    "count": 0,
    "updated": 0
  }
]